[
  {
    "Menu": [
      {
        "Access": true,
        "Enable": true,
        "Haschild": false,
        "IndexMenu": 2,
        "Menuid": "2016513161720",
        "Parent": "",
        "Title": "SOLR EDISMAX",
        "Url": "/solredismax/default"
      },
      {
        "Access": true,
        "Enable": true,
        "Haschild": true,
        "IndexMenu": 2,
        "Menuid": "2016513161730",
        "Parent": "",
        "Title": "DATA MASTER",
        "Url": "/datamaster/default"
      },
      {
        "Access": true,
        "Enable": true,
        "Haschild": false,
        "IndexMenu": 2,
        "Menuid": "201692235851",
        "Parent": "2016513161730",
        "Title": "Song",
        "Url": "/datamaster/song"
      },
      {
        "Access": true,
        "Enable": false,
        "Haschild": false,
        "IndexMenu": 3,
        "Menuid": "2016513161740",
        "Parent": "",
        "Title": "LOGGING INDEX",
        "Url": "/loggingindex/default"
      },
      {
        "Access": true,
        "Enable": false,
        "Haschild": false,
        "IndexMenu": 4,
        "Menuid": "2016513161750",
        "Parent": "",
        "Title": "UPDATE FILTER",
        "Url": "/updatefilter/default"
      },
      {
        "Access": true,
        "Enable": false,
        "Haschild": false,
        "IndexMenu": 5,
        "Menuid": "2016513161760",
        "Parent": "",
        "Title": "UPLOAD FILE",
        "Url": "/upload/default"
      },
      {
        "Access": true,
        "Enable": true,
        "Haschild": true,
        "IndexMenu": 0,
        "Menuid": "2016513161770",
        "Parent": "",
        "Title": "SIMULATION",
        "Url": "/simulation/searchv1"
      },
      {
        "Access": true,
        "Enable": true,
        "Haschild": false,
        "IndexMenu": 1,
        "Menuid": "2016915195030",
        "Parent": "2016513161770",
        "Title": "Search v.1",
        "Url": "/simulation/searchv1"
      },
      {
        "Access": true,
        "Enable": true,
        "Haschild": false,
        "IndexMenu": 2,
        "Menuid": "201691519511",
        "Parent": "2016513161770",
        "Title": "Search v.2",
        "Url": "/simulation/searchv2"
      },
      {
        "Access": true,
        "Enable": true,
        "Haschild": false,
        "IndexMenu": 3,
        "Menuid": "2016915195139",
        "Parent": "2016513161770",
        "Title": "Query",
        "Url": "/simulation/query"
      },
      {
        "Access": true,
        "Enable": true,
        "Haschild": false,
        "IndexMenu": 3,
        "Menuid": "20161213145842",
        "Parent": "2016513161770",
        "Title": "Search User",
        "Url": "/simulation/searchuser"
      },
      {
        "Access": true,
        "Enable": true,
        "Haschild": true,
        "IndexMenu": 1,
        "Menuid": "2016513161780",
        "Parent": "",
        "Title": "REPORT",
        "Url": "/report/recomended"
      },
      {
        "Access": true,
        "Enable": true,
        "Haschild": true,
        "IndexMenu": 0,
        "Menuid": "2016915171153",
        "Parent": "2016513161780",
        "Title": "Recommended",
        "Url": "/report/recomended"
      },
      {
        "Access": true,
        "Enable": true,
        "Haschild": false,
        "IndexMenu": 0,
        "Menuid": "201692013712",
        "Parent": "2016915171153",
        "Title": "Activity",
        "Url": "/report/recomended"
      },
      {
        "Access": true,
        "Enable": true,
        "Haschild": false,
        "IndexMenu": 1,
        "Menuid": "201692013926",
        "Parent": "2016915171153",
        "Title": "Playlist + Top playlist",
        "Url": "/report/recomendedplaylistbyuser"
      },
      {
        "Access": true,
        "Enable": true,
        "Haschild": false,
        "IndexMenu": 3,
        "Menuid": "201692313535",
        "Parent": "2016915171153",
        "Title": "Tags",
        "Url": "/report/tags"
      },
      {
        "Access": true,
        "Enable": true,
        "Haschild": false,
        "IndexMenu": 4,
        "Menuid": "2016926181635",
        "Parent": "2016915171153",
        "Title": "User Preferences",
        "Url": "/report/userpreferences"
      },
      {
        "Access": true,
        "Enable": true,
        "Haschild": false,
        "IndexMenu": 5,
        "Menuid": "2016915194914",
        "Parent": "2016513161780",
        "Title": "User Profiling",
        "Url": "/userpref/default"
      },
      {
        "Access": true,
        "Enable": true,
        "Haschild": true,
        "IndexMenu": 6,
        "Menuid": "2016921163858",
        "Parent": "2016513161780",
        "Title": "Top",
        "Url": "/report/topsearch"
      },
      {
        "Access": true,
        "Enable": true,
        "Haschild": false,
        "IndexMenu": 2,
        "Menuid": "201691519535",
        "Parent": "2016921163858",
        "Title": "Top Search",
        "Url": "/report/topsearch"
      },
      {
        "Access": true,
        "Enable": true,
        "Haschild": false,
        "IndexMenu": 3,
        "Menuid": "2016915194652",
        "Parent": "2016921163858",
        "Title": "Top Artist",
        "Url": "/report/topartist"
      },
      {
        "Access": true,
        "Enable": true,
        "Haschild": false,
        "IndexMenu": 7,
        "Menuid": "201691918745",
        "Parent": "2016921163858",
        "Title": "Top Search Geo",
        "Url": "/report/topsearchgeo"
      },
      {
        "Access": true,
        "Enable": false,
        "Haschild": false,
        "IndexMenu": 3,
        "Menuid": "2016920145253",
        "Parent": "2016921163858",
        "Title": "Top Recommended",
        "Url": "/report/toprecommended"
      },
      {
        "Access": true,
        "Enable": true,
        "Haschild": false,
        "IndexMenu": 8,
        "Menuid": "2016921171153",
        "Parent": "2016921163858",
        "Title": "Top Playlist ",
        "Url": "/report/topplaylist"
      },
      {
        "Access": true,
        "Enable": true,
        "Haschild": true,
        "IndexMenu": 4,
        "Menuid": "2016921165849",
        "Parent": "2016513161780",
        "Title": "Similar",
        "Url": "/report/similarusers"
      },
      {
        "Access": true,
        "Enable": true,
        "Haschild": false,
        "IndexMenu": 4,
        "Menuid": "2016915194748",
        "Parent": "2016921165849",
        "Title": "Similar Users",
        "Url": "/report/similarusers"
      },
      {
        "Access": true,
        "Enable": true,
        "Haschild": false,
        "IndexMenu": 6,
        "Menuid": "201691918349",
        "Parent": "2016921165849",
        "Title": "Find Similar",
        "Url": "/report/findsimilar"
      },
      {
        "Access": true,
        "Enable": true,
        "Haschild": false,
        "IndexMenu": 5,
        "Menuid": "20161213144620",
        "Parent": "2016513161780",
        "Title": "Recommended User",
        "Url": "/report/recommendedbyuser"
      },
      {
        "Access": true,
        "Enable": true,
        "Haschild": false,
        "IndexMenu": 6,
        "Menuid": "20161213144741",
        "Parent": "2016513161780",
        "Title": "Top Keywords by User",
        "Url": "/report/topkeywordsbyuser"
      },
      {
        "Access": true,
        "Enable": true,
        "Haschild": false,
        "IndexMenu": 7,
        "Menuid": "2016121314505",
        "Parent": "2016513161780",
        "Title": "Top User",
        "Url": "/report/topuser"
      },
      {
        "Access": true,
        "Enable": true,
        "Haschild": false,
        "IndexMenu": 8,
        "Menuid": "2016122320856",
        "Parent": "2016513161780",
        "Title": "Recent Keywords",
        "Url": "/report/recentkeywords"
      },
      {
        "Access": true,
        "Enable": true,
        "Haschild": true,
        "IndexMenu": 8,
        "Menuid": "2016513161790",
        "Parent": "",
        "Title": "ADMINISTRATOR",
        "Url": "/administrator/synonyms"
      },
      {
        "Access": true,
        "Enable": true,
        "Haschild": false,
        "IndexMenu": 5,
        "Menuid": "20169302224",
        "Parent": "2016513161790",
        "Title": "Synonyms",
        "Url": "/administrator/synonyms"
      },
      {
        "Access": true,
        "Enable": true,
        "Haschild": true,
        "IndexMenu": 1,
        "Menuid": "20169303126",
        "Parent": "2016513161790",
        "Title": "User Setting",
        "Url": "/administrator/settinguser"
      },
      {
        "Access": true,
        "Enable": true,
        "Haschild": false,
        "IndexMenu": 3,
        "Menuid": "20169303259",
        "Parent": "2016513161790",
        "Title": "Menu Setting",
        "Url": "/administrator/settingmenu"
      },
      {
        "Access": true,
        "Enable": true,
        "Haschild": false,
        "IndexMenu": 2,
        "Menuid": "20169303334",
        "Parent": "2016513161790",
        "Title": "Role Setting",
        "Url": "/administrator/settingrole"
      },
      {
        "Access": true,
        "Enable": true,
        "Haschild": false,
        "IndexMenu": 4,
        "Menuid": "2016921123310",
        "Parent": "2016513161790",
        "Title": "Search Operators",
        "Url": "/administrator/searchoperators"
      },
      {
        "Access": true,
        "Enable": true,
        "Haschild": false,
        "IndexMenu": 6,
        "Menuid": "2016102016027",
        "Parent": "2016513161790",
        "Title": "Search Config",
        "Url": "/administrator/searchconf"
      },
      {
        "Access": true,
        "Enable": true,
        "Haschild": true,
        "IndexMenu": 5,
        "Menuid": "20161213145246",
        "Parent": "",
        "Title": "ANALYTIC",
        "Url": "/analytic/default"
      },
      {
        "Access": true,
        "Enable": true,
        "Haschild": false,
        "IndexMenu": 1,
        "Menuid": "20161213145529",
        "Parent": "20161213145246",
        "Title": "Search Statistic",
        "Url": "/analytic/statistic"
      },
      {
        "Access": true,
        "Enable": false,
        "Haschild": false,
        "IndexMenu": 2,
        "Menuid": "20161213145721",
        "Parent": "20161213145246",
        "Title": "Recommended Keyword by User",
        "Url": "/analytic/recommendedkeywordsbyuser"
      },
      {
        "Access": true,
        "Enable": true,
        "Haschild": false,
        "IndexMenu": 6,
        "Menuid": "20161215135441",
        "Parent": "",
        "Title": "ENGINE",
        "Url": "/enginemonitoring/default"
      }
    ],
    "_id": "201692117142",
    "defaulturl": "/live/dashboard/default",
    "name": "Super Admin",
    "status": true
  },
  {
    "Menu": [
      {
        "Access": false,
        "Enable": true,
        "Haschild": false,
        "IndexMenu": 2,
        "Menuid": "2016513161720",
        "Parent": "",
        "Title": "SOLR EDISMAX",
        "Url": "/solredismax/default"
      },
      {
        "Access": false,
        "Enable": true,
        "Haschild": true,
        "IndexMenu": 2,
        "Menuid": "2016513161730",
        "Parent": "",
        "Title": "DATA MASTER",
        "Url": "/datamaster/default"
      },
      {
        "Access": false,
        "Enable": true,
        "Haschild": false,
        "IndexMenu": 2,
        "Menuid": "201692235851",
        "Parent": "2016513161730",
        "Title": "Song",
        "Url": "/datamaster/song"
      },
      {
        "Access": false,
        "Enable": false,
        "Haschild": false,
        "IndexMenu": 3,
        "Menuid": "2016513161740",
        "Parent": "",
        "Title": "LOGGING INDEX",
        "Url": "/loggingindex/default"
      },
      {
        "Access": false,
        "Enable": false,
        "Haschild": false,
        "IndexMenu": 4,
        "Menuid": "2016513161750",
        "Parent": "",
        "Title": "UPDATE FILTER",
        "Url": "/updatefilter/default"
      },
      {
        "Access": false,
        "Enable": false,
        "Haschild": false,
        "IndexMenu": 5,
        "Menuid": "2016513161760",
        "Parent": "",
        "Title": "UPLOAD FILE",
        "Url": "/upload/default"
      },
      {
        "Access": false,
        "Enable": true,
        "Haschild": true,
        "IndexMenu": 0,
        "Menuid": "2016513161770",
        "Parent": "",
        "Title": "SIMULATION",
        "Url": "/simulation/searchv1"
      },
      {
        "Access": false,
        "Enable": true,
        "Haschild": false,
        "IndexMenu": 1,
        "Menuid": "2016915195030",
        "Parent": "2016513161770",
        "Title": "Search v.1",
        "Url": "/simulation/searchv1"
      },
      {
        "Access": false,
        "Enable": true,
        "Haschild": false,
        "IndexMenu": 2,
        "Menuid": "201691519511",
        "Parent": "2016513161770",
        "Title": "Search v.2",
        "Url": "/simulation/searchv2"
      },
      {
        "Access": false,
        "Enable": true,
        "Haschild": false,
        "IndexMenu": 3,
        "Menuid": "2016915195139",
        "Parent": "2016513161770",
        "Title": "Query",
        "Url": "/simulation/query"
      },
      {
        "Access": true,
        "Enable": true,
        "Haschild": true,
        "IndexMenu": 1,
        "Menuid": "2016513161780",
        "Parent": "",
        "Title": "REPORT",
        "Url": "/report/recomended"
      },
      {
        "Access": false,
        "Enable": true,
        "Haschild": true,
        "IndexMenu": 0,
        "Menuid": "2016915171153",
        "Parent": "2016513161780",
        "Title": "Recommended",
        "Url": "/report/recomended"
      },
      {
        "Access": false,
        "Enable": true,
        "Haschild": false,
        "IndexMenu": 0,
        "Menuid": "201692013712",
        "Parent": "2016915171153",
        "Title": "Activity",
        "Url": "/report/recomended"
      },
      {
        "Access": false,
        "Enable": true,
        "Haschild": false,
        "IndexMenu": 1,
        "Menuid": "201692013926",
        "Parent": "2016915171153",
        "Title": "Playlist + Top playlist",
        "Url": "/report/recomendedplaylistbyuser"
      },
      {
        "Access": false,
        "Enable": true,
        "Haschild": false,
        "IndexMenu": 3,
        "Menuid": "201692313535",
        "Parent": "2016915171153",
        "Title": "Tags",
        "Url": "/report/tags"
      },
      {
        "Access": false,
        "Enable": true,
        "Haschild": false,
        "IndexMenu": 4,
        "Menuid": "2016926181635",
        "Parent": "2016915171153",
        "Title": "User Preferences",
        "Url": "/report/userpreferences"
      },
      {
        "Access": false,
        "Enable": true,
        "Haschild": false,
        "IndexMenu": 5,
        "Menuid": "2016915194914",
        "Parent": "2016513161780",
        "Title": "User Profiling",
        "Url": "/userpref/default"
      },
      {
        "Access": false,
        "Enable": true,
        "Haschild": true,
        "IndexMenu": 6,
        "Menuid": "2016921163858",
        "Parent": "2016513161780",
        "Title": "Top",
        "Url": "/report/topsearch"
      },
      {
        "Access": false,
        "Enable": true,
        "Haschild": false,
        "IndexMenu": 2,
        "Menuid": "201691519535",
        "Parent": "2016921163858",
        "Title": "Top Search",
        "Url": "/report/topsearch"
      },
      {
        "Access": false,
        "Enable": true,
        "Haschild": false,
        "IndexMenu": 3,
        "Menuid": "2016915194652",
        "Parent": "2016921163858",
        "Title": "Top Artist",
        "Url": "/report/topartist"
      },
      {
        "Access": false,
        "Enable": true,
        "Haschild": false,
        "IndexMenu": 7,
        "Menuid": "201691918745",
        "Parent": "2016921163858",
        "Title": "Top Search Geo",
        "Url": "/report/topsearchgeo"
      },
      {
        "Access": false,
        "Enable": false,
        "Haschild": false,
        "IndexMenu": 3,
        "Menuid": "2016920145253",
        "Parent": "2016921163858",
        "Title": "Top Recommended",
        "Url": "/report/toprecommended"
      },
      {
        "Access": false,
        "Enable": true,
        "Haschild": false,
        "IndexMenu": 8,
        "Menuid": "2016921171153",
        "Parent": "2016921163858",
        "Title": "Top Playlist ",
        "Url": "/report/topplaylist"
      },
      {
        "Access": true,
        "Enable": true,
        "Haschild": true,
        "IndexMenu": 4,
        "Menuid": "2016921165849",
        "Parent": "2016513161780",
        "Title": "Similar",
        "Url": "/report/similarusers"
      },
      {
        "Access": true,
        "Enable": true,
        "Haschild": false,
        "IndexMenu": 4,
        "Menuid": "2016915194748",
        "Parent": "2016921165849",
        "Title": "Similar Users",
        "Url": "/report/similarusers"
      },
      {
        "Access": true,
        "Enable": true,
        "Haschild": false,
        "IndexMenu": 6,
        "Menuid": "201691918349",
        "Parent": "2016921165849",
        "Title": "Find Similar",
        "Url": "/report/findsimilar"
      },
      {
        "Access": true,
        "Enable": true,
        "Haschild": true,
        "IndexMenu": 8,
        "Menuid": "2016513161790",
        "Parent": "",
        "Title": "ADMINISTRATOR",
        "Url": "/administrator/synonyms"
      },
      {
        "Access": true,
        "Enable": true,
        "Haschild": true,
        "IndexMenu": 5,
        "Menuid": "20169302224",
        "Parent": "2016513161790",
        "Title": "Synonyms",
        "Url": "/administrator/synonyms"
      },
      {
        "Access": true,
        "Enable": true,
        "Haschild": true,
        "IndexMenu": 1,
        "Menuid": "20169303126",
        "Parent": "2016513161790",
        "Title": "User Setting",
        "Url": "/administrator/settinguser"
      },
      {
        "Access": true,
        "Enable": true,
        "Haschild": true,
        "IndexMenu": 3,
        "Menuid": "20169303259",
        "Parent": "2016513161790",
        "Title": "Menu Setting",
        "Url": "/administrator/settingmenu"
      },
      {
        "Access": true,
        "Enable": true,
        "Haschild": true,
        "IndexMenu": 2,
        "Menuid": "20169303334",
        "Parent": "2016513161790",
        "Title": "Role Setting",
        "Url": "/administrator/settingrole"
      },
      {
        "Access": true,
        "Enable": true,
        "Haschild": true,
        "IndexMenu": 4,
        "Menuid": "2016921123310",
        "Parent": "2016513161790",
        "Title": "Search Operators",
        "Url": "/administrator/searchoperators"
      },
      {
        "Access": false,
        "Enable": true,
        "Haschild": true,
        "IndexMenu": 6,
        "Menuid": "2016102016027",
        "Parent": "2016513161790",
        "Title": "Search Config",
        "Url": "/administrator/searchconf"
      },
      {
        "Access": false,
        "Enable": true,
        "Haschild": false,
        "IndexMenu": 5,
        "Menuid": "20161213144620",
        "Parent": "2016513161780",
        "Title": "Recommended User",
        "Url": "/report/recommendedbyuser"
      },
      {
        "Access": false,
        "Enable": true,
        "Haschild": false,
        "IndexMenu": 6,
        "Menuid": "20161213144741",
        "Parent": "2016513161780",
        "Title": "Top Keywords by User",
        "Url": "/report/topkeywordsbyuser"
      },
      {
        "Access": false,
        "Enable": true,
        "Haschild": false,
        "IndexMenu": 7,
        "Menuid": "2016121314505",
        "Parent": "2016513161780",
        "Title": "Top User",
        "Url": "/report/topuser"
      },
      {
        "Access": false,
        "Enable": true,
        "Haschild": true,
        "IndexMenu": 5,
        "Menuid": "20161213145246",
        "Parent": "",
        "Title": "ANALYTIC",
        "Url": "/analytic/default"
      },
      {
        "Access": false,
        "Enable": true,
        "Haschild": false,
        "IndexMenu": 1,
        "Menuid": "20161213145529",
        "Parent": "20161213145246",
        "Title": "Search Statistic",
        "Url": "/analytic/statistic"
      },
      {
        "Access": false,
        "Enable": false,
        "Haschild": false,
        "IndexMenu": 2,
        "Menuid": "20161213145721",
        "Parent": "20161213145246",
        "Title": "Recommended Keyword by User",
        "Url": "/analytic/recommendedkeywordsbyuser"
      },
      {
        "Access": false,
        "Enable": true,
        "Haschild": false,
        "IndexMenu": 3,
        "Menuid": "20161213145842",
        "Parent": "2016513161770",
        "Title": "Search User",
        "Url": "/simulation/searchuser"
      },
      {
        "Access": false,
        "Enable": true,
        "Haschild": false,
        "IndexMenu": 6,
        "Menuid": "20161215135441",
        "Parent": "",
        "Title": "ENGINE",
        "Url": "/enginemonitoring/default"
      },
      {
        "Access": false,
        "Enable": true,
        "Haschild": false,
        "IndexMenu": 8,
        "Menuid": "2016122320856",
        "Parent": "2016513161780",
        "Title": "Recent Keywords",
        "Url": "/report/recentkeywords"
      }
    ],
    "_id": "2016103134619",
    "defaulturl": "/simulation/searchv1",
    "name": "Operator6",
    "status": false
  },
  {
    "Menu": [
      {
        "Access": true,
        "Enable": true,
        "Haschild": false,
        "IndexMenu": 2,
        "Menuid": "2016513161720",
        "Parent": "",
        "Title": "SOLR EDISMAX",
        "Url": "/solredismax/default"
      },
      {
        "Access": true,
        "Enable": true,
        "Haschild": true,
        "IndexMenu": 2,
        "Menuid": "2016513161730",
        "Parent": "",
        "Title": "DATA MASTER",
        "Url": "/datamaster/default"
      },
      {
        "Access": true,
        "Enable": true,
        "Haschild": false,
        "IndexMenu": 2,
        "Menuid": "201692235851",
        "Parent": "2016513161730",
        "Title": "Song",
        "Url": "/datamaster/song"
      },
      {
        "Access": false,
        "Enable": false,
        "Haschild": false,
        "IndexMenu": 3,
        "Menuid": "2016513161740",
        "Parent": "",
        "Title": "LOGGING INDEX",
        "Url": "/loggingindex/default"
      },
      {
        "Access": false,
        "Enable": false,
        "Haschild": false,
        "IndexMenu": 4,
        "Menuid": "2016513161750",
        "Parent": "",
        "Title": "UPDATE FILTER",
        "Url": "/updatefilter/default"
      },
      {
        "Access": false,
        "Enable": false,
        "Haschild": false,
        "IndexMenu": 5,
        "Menuid": "2016513161760",
        "Parent": "",
        "Title": "UPLOAD FILE",
        "Url": "/upload/default"
      },
      {
        "Access": false,
        "Enable": true,
        "Haschild": true,
        "IndexMenu": 0,
        "Menuid": "2016513161770",
        "Parent": "",
        "Title": "SIMULATION",
        "Url": "/simulation/searchv1"
      },
      {
        "Access": false,
        "Enable": true,
        "Haschild": false,
        "IndexMenu": 1,
        "Menuid": "2016915195030",
        "Parent": "2016513161770",
        "Title": "Search v.1",
        "Url": "/simulation/searchv1"
      },
      {
        "Access": false,
        "Enable": true,
        "Haschild": false,
        "IndexMenu": 2,
        "Menuid": "201691519511",
        "Parent": "2016513161770",
        "Title": "Search v.2",
        "Url": "/simulation/searchv2"
      },
      {
        "Access": false,
        "Enable": true,
        "Haschild": false,
        "IndexMenu": 3,
        "Menuid": "2016915195139",
        "Parent": "2016513161770",
        "Title": "Query",
        "Url": "/simulation/query"
      },
      {
        "Access": false,
        "Enable": true,
        "Haschild": true,
        "IndexMenu": 1,
        "Menuid": "2016513161780",
        "Parent": "",
        "Title": "REPORT",
        "Url": "/report/recomended"
      },
      {
        "Access": false,
        "Enable": true,
        "Haschild": true,
        "IndexMenu": 0,
        "Menuid": "2016915171153",
        "Parent": "2016513161780",
        "Title": "Recommended",
        "Url": "/report/recomended"
      },
      {
        "Access": false,
        "Enable": true,
        "Haschild": false,
        "IndexMenu": 0,
        "Menuid": "201692013712",
        "Parent": "2016915171153",
        "Title": "Activity",
        "Url": "/report/recomended"
      },
      {
        "Access": false,
        "Enable": true,
        "Haschild": false,
        "IndexMenu": 1,
        "Menuid": "201692013926",
        "Parent": "2016915171153",
        "Title": "Playlist + Top playlist",
        "Url": "/report/recomendedplaylistbyuser"
      },
      {
        "Access": false,
        "Enable": true,
        "Haschild": false,
        "IndexMenu": 3,
        "Menuid": "201692313535",
        "Parent": "2016915171153",
        "Title": "Tags",
        "Url": "/report/tags"
      },
      {
        "Access": false,
        "Enable": true,
        "Haschild": false,
        "IndexMenu": 4,
        "Menuid": "2016926181635",
        "Parent": "2016915171153",
        "Title": "User Preferences",
        "Url": "/report/userpreferences"
      },
      {
        "Access": false,
        "Enable": true,
        "Haschild": false,
        "IndexMenu": 5,
        "Menuid": "2016915194914",
        "Parent": "2016513161780",
        "Title": "User Profiling",
        "Url": "/userpref/default"
      },
      {
        "Access": false,
        "Enable": true,
        "Haschild": true,
        "IndexMenu": 6,
        "Menuid": "2016921163858",
        "Parent": "2016513161780",
        "Title": "Top",
        "Url": "/report/topsearch"
      },
      {
        "Access": false,
        "Enable": true,
        "Haschild": false,
        "IndexMenu": 2,
        "Menuid": "201691519535",
        "Parent": "2016921163858",
        "Title": "Top Search",
        "Url": "/report/topsearch"
      },
      {
        "Access": false,
        "Enable": true,
        "Haschild": false,
        "IndexMenu": 3,
        "Menuid": "2016915194652",
        "Parent": "2016921163858",
        "Title": "Top Artist",
        "Url": "/report/topartist"
      },
      {
        "Access": false,
        "Enable": true,
        "Haschild": false,
        "IndexMenu": 7,
        "Menuid": "201691918745",
        "Parent": "2016921163858",
        "Title": "Top Search Geo",
        "Url": "/report/topsearchgeo"
      },
      {
        "Access": false,
        "Enable": false,
        "Haschild": false,
        "IndexMenu": 3,
        "Menuid": "2016920145253",
        "Parent": "2016921163858",
        "Title": "Top Recommended",
        "Url": "/report/toprecommended"
      },
      {
        "Access": false,
        "Enable": true,
        "Haschild": false,
        "IndexMenu": 8,
        "Menuid": "2016921171153",
        "Parent": "2016921163858",
        "Title": "Top Playlist ",
        "Url": "/report/topplaylist"
      },
      {
        "Access": false,
        "Enable": true,
        "Haschild": true,
        "IndexMenu": 4,
        "Menuid": "2016921165849",
        "Parent": "2016513161780",
        "Title": "Similar",
        "Url": "/report/similarusers"
      },
      {
        "Access": false,
        "Enable": true,
        "Haschild": false,
        "IndexMenu": 4,
        "Menuid": "2016915194748",
        "Parent": "2016921165849",
        "Title": "Similar Users",
        "Url": "/report/similarusers"
      },
      {
        "Access": false,
        "Enable": true,
        "Haschild": false,
        "IndexMenu": 6,
        "Menuid": "201691918349",
        "Parent": "2016921165849",
        "Title": "Find Similar",
        "Url": "/report/findsimilar"
      },
      {
        "Access": false,
        "Enable": true,
        "Haschild": true,
        "IndexMenu": 8,
        "Menuid": "2016513161790",
        "Parent": "",
        "Title": "ADMINISTRATOR",
        "Url": "/administrator/synonyms"
      },
      {
        "Access": false,
        "Enable": true,
        "Haschild": true,
        "IndexMenu": 5,
        "Menuid": "20169302224",
        "Parent": "2016513161790",
        "Title": "Synonyms",
        "Url": "/administrator/synonyms"
      },
      {
        "Access": false,
        "Enable": true,
        "Haschild": true,
        "IndexMenu": 1,
        "Menuid": "20169303126",
        "Parent": "2016513161790",
        "Title": "User Setting",
        "Url": "/administrator/settinguser"
      },
      {
        "Access": false,
        "Enable": true,
        "Haschild": true,
        "IndexMenu": 3,
        "Menuid": "20169303259",
        "Parent": "2016513161790",
        "Title": "Menu Setting",
        "Url": "/administrator/settingmenu"
      },
      {
        "Access": false,
        "Enable": true,
        "Haschild": true,
        "IndexMenu": 2,
        "Menuid": "20169303334",
        "Parent": "2016513161790",
        "Title": "Role Setting",
        "Url": "/administrator/settingrole"
      },
      {
        "Access": false,
        "Enable": true,
        "Haschild": true,
        "IndexMenu": 4,
        "Menuid": "2016921123310",
        "Parent": "2016513161790",
        "Title": "Search Operators",
        "Url": "/administrator/searchoperators"
      },
      {
        "Access": false,
        "Enable": true,
        "Haschild": true,
        "IndexMenu": 6,
        "Menuid": "2016102016027",
        "Parent": "2016513161790",
        "Title": "Search Config",
        "Url": "/administrator/searchconf"
      },
      {
        "Access": false,
        "Enable": true,
        "Haschild": false,
        "IndexMenu": 5,
        "Menuid": "20161213144620",
        "Parent": "2016513161780",
        "Title": "Recommended User",
        "Url": "/report/recommendedbyuser"
      },
      {
        "Access": false,
        "Enable": true,
        "Haschild": false,
        "IndexMenu": 6,
        "Menuid": "20161213144741",
        "Parent": "2016513161780",
        "Title": "Top Keywords by User",
        "Url": "/report/topkeywordsbyuser"
      },
      {
        "Access": false,
        "Enable": true,
        "Haschild": false,
        "IndexMenu": 7,
        "Menuid": "2016121314505",
        "Parent": "2016513161780",
        "Title": "Top User",
        "Url": "/report/topuser"
      },
      {
        "Access": false,
        "Enable": true,
        "Haschild": true,
        "IndexMenu": 5,
        "Menuid": "20161213145246",
        "Parent": "",
        "Title": "ANALYTIC",
        "Url": "/analytic/default"
      },
      {
        "Access": false,
        "Enable": true,
        "Haschild": false,
        "IndexMenu": 1,
        "Menuid": "20161213145529",
        "Parent": "20161213145246",
        "Title": "Search Statistic",
        "Url": "/analytic/statistic"
      },
      {
        "Access": false,
        "Enable": false,
        "Haschild": false,
        "IndexMenu": 2,
        "Menuid": "20161213145721",
        "Parent": "20161213145246",
        "Title": "Recommended Keyword by User",
        "Url": "/analytic/recommendedkeywordsbyuser"
      },
      {
        "Access": false,
        "Enable": true,
        "Haschild": false,
        "IndexMenu": 3,
        "Menuid": "20161213145842",
        "Parent": "2016513161770",
        "Title": "Search User",
        "Url": "/simulation/searchuser"
      },
      {
        "Access": false,
        "Enable": true,
        "Haschild": false,
        "IndexMenu": 6,
        "Menuid": "20161215135441",
        "Parent": "",
        "Title": "ENGINE",
        "Url": "/enginemonitoring/default"
      },
      {
        "Access": false,
        "Enable": true,
        "Haschild": false,
        "IndexMenu": 8,
        "Menuid": "2016122320856",
        "Parent": "2016513161780",
        "Title": "Recent Keywords",
        "Url": "/report/recentkeywords"
      }
    ],
    "_id": "2016105154236",
    "defaulturl": "/simulation/searchv1",
    "name": "Admin",
    "status": true
  }
]
