[
  {
    "_id": "1234567890",
    "confirmpass": "a8b6bb3b34339f5a6d439a0ef7fc7878",
    "email": "eaciit@eaciit.com",
    "enable": true,
    "extension": "jpg",
    "fullname": "Wiyasa Teknologi Nusantara",
    "password": "a8b6bb3b34339f5a6d439a0ef7fc7878",
    "path": "D:\\Eaciit\\src\\eaciit\\melon\\webapp\\assets\\img\\imageuser\\U201682611233XVlBz.jpg",
    "roles": "201692117142",
    "username": "eaciit"
  },
  {
    "_id": "U201682611233XVlBz",
    "confirmpass": "58b1216b06850385d9a4eadbedc806c4",
    "email": "rosyid.abdur28@gmail.com",
    "enable": true,
    "extension": "jpg",
    "fullname": "abdul rosyid",
    "password": "58b1216b06850385d9a4eadbedc806c4",
    "path": "D:\\Eaciit\\src\\eaciit\\melon\\webapp\\assets\\img\\imageuser\\U201682611233XVlBz.jpg",
    "roles": "201692117142",
    "username": "rosyid01"
  },
  {
    "_id": "U2016914144440XVlBz",
    "confirmpass": "21232f297a57a5a743894a0e4a801fc3",
    "email": " hanafie.hilman@eaciit.com",
    "enable": true,
    "extension": "png",
    "fullname": "MelOn Indonesia",
    "password": "21232f297a57a5a743894a0e4a801fc3",
    "path": "D:\\Eaciit\\src\\eaciit\\melon\\webapp\\assets\\img\\imageuser\\U2016914144440XVlBz.png",
    "roles": "201692117142",
    "username": "admin"
  },
  {
    "_id": "U2016915144824XVlBz",
    "confirmpass": "81dc9bdb52d04dc20036dbd8313ed055",
    "email": "user1@eaciit.com",
    "enable": true,
    "extension": "jpg",
    "fullname": "user1",
    "password": "81dc9bdb52d04dc20036dbd8313ed055",
    "path": "D:\\Eaciit\\src\\eaciit\\melon\\webapp\\assets\\img\\imageuser\\U2016915144824XVlBz.jpg",
    "roles": "2016103134619",
    "username": "user1"
  }
]